"cruise","year","week","TEMPBOT","SALBOT","delta_rho","x_dist","y_dist","predicted"
"1",1990,4.2989417989418,5.259367994291,32.269686844828,0.688359477002122,10.7850457031204,108.066032367921,0.0073556531570384
"2",1990,16.022,7.589892063367,32.00295473896,1.43161324129161,11.4896234417666,101.349643119874,0.0705428231366903
"3",1990,24.6125116713352,13.5679015778207,31.7335024656396,2.24820931843915,11.2518066886195,100.675583254995,0.0839164497383205
"4",1990,33.7640977443609,17.7319145453806,31.682533224079,1.97898355745547,11.476586783457,100.903253092932,0.0827367690747227
"5",1990,42.8224101479915,16.4514246046089,31.9570328467336,0.494692478776966,11.054794515363,105.673475158566,0.289355832193068
"1",1991,4.2989417989418,5.259367994291,32.269686844828,0.688359477002122,10.7850457031204,108.066032367921,0.00738227052143265
"2",1991,16.022,7.589892063367,32.00295473896,1.43161324129161,11.4896234417666,101.349643119874,0.0931689355507365
"3",1991,24.6125116713352,13.5679015778207,31.7335024656396,2.24820931843915,11.2518066886195,100.675583254995,0.106333587450967
"4",1991,33.7640977443609,17.7319145453806,31.682533224079,1.97898355745547,11.476586783457,100.903253092932,0.12667759498801
"5",1991,42.8224101479915,16.4514246046089,31.9570328467336,0.494692478776966,11.054794515363,105.673475158566,0.291475884581167
"1",1992,4.2989417989418,5.259367994291,32.269686844828,0.688359477002122,10.7850457031204,108.066032367921,0.00768866469436415
"2",1992,16.022,7.589892063367,32.00295473896,1.43161324129161,11.4896234417666,101.349643119874,0.123024844446537
"3",1992,24.6125116713352,13.5679015778207,31.7335024656396,2.24820931843915,11.2518066886195,100.675583254995,0.133063813562495
"4",1992,33.7640977443609,17.7319145453806,31.682533224079,1.97898355745547,11.476586783457,100.903253092932,0.195904726924498
"5",1992,42.8224101479915,16.4514246046089,31.9570328467336,0.494692478776966,11.054794515363,105.673475158566,0.300777747962021
"1",1993,4.2989417989418,5.259367994291,32.269686844828,0.688359477002122,10.7850457031204,108.066032367921,0.00858048912951673
"2",1993,16.022,7.589892063367,32.00295473896,1.43161324129161,11.4896234417666,101.349643119874,0.161655172431846
"3",1993,24.6125116713352,13.5679015778207,31.7335024656396,2.24820931843915,11.2518066886195,100.675583254995,0.162336668682648
"4",1993,33.7640977443609,17.7319145453806,31.682533224079,1.97898355745547,11.476586783457,100.903253092932,0.302835115596824
"5",1993,42.8224101479915,16.4514246046089,31.9570328467336,0.494692478776966,11.054794515363,105.673475158566,0.324564853053498
"1",1994,4.2989417989418,5.259367994291,32.269686844828,0.688359477002122,10.7850457031204,108.066032367921,0.0103548547279058
"2",1994,16.022,7.589892063367,32.00295473896,1.43161324129161,11.4896234417666,101.349643119874,0.208991345356758
"3",1994,24.6125116713352,13.5679015778207,31.7335024656396,2.24820931843915,11.2518066886195,100.675583254995,0.191339750377679
"4",1994,33.7640977443609,17.7319145453806,31.682533224079,1.97898355745547,11.476586783457,100.903253092932,0.449537937584184
"5",1994,42.8224101479915,16.4514246046089,31.9570328467336,0.494692478776966,11.054794515363,105.673475158566,0.36765648175369
"1",1995,4.2989417989418,5.259367994291,32.269686844828,0.688359477002122,10.7850457031204,108.066032367921,0.0132242798574649
"2",1995,16.022,7.589892063367,32.00295473896,1.43161324129161,11.4896234417666,101.349643119874,0.261504153288728
"3",1995,24.6125116713352,13.5679015778207,31.7335024656396,2.24820931843915,11.2518066886195,100.675583254995,0.217222981412443
"4",1995,33.7640977443609,17.7319145453806,31.682533224079,1.97898355745547,11.476586783457,100.903253092932,0.606262305800698
"5",1995,42.8224101479915,16.4514246046089,31.9570328467336,0.494692478776966,11.054794515363,105.673475158566,0.427793797247616
"1",1996,4.2989417989418,5.259367994291,32.269686844828,0.688359477002122,10.7850457031204,108.066032367921,0.0170937232541692
"2",1996,16.022,7.589892063367,32.00295473896,1.43161324129161,11.4896234417666,101.349643119874,0.311499312829121
"3",1996,24.6125116713352,13.5679015778207,31.7335024656396,2.24820931843915,11.2518066886195,100.675583254995,0.238077468996589
"4",1996,33.7640977443609,17.7319145453806,31.682533224079,1.97898355745547,11.476586783457,100.903253092932,0.713840939142665
"5",1996,42.8224101479915,16.4514246046089,31.9570328467336,0.494692478776966,11.054794515363,105.673475158566,0.488867207555499
"1",1997,4.2989417989418,5.259367994291,32.269686844828,0.688359477002122,10.7850457031204,108.066032367921,0.0212870994098413
"2",1997,16.022,7.589892063367,32.00295473896,1.43161324129161,11.4896234417666,101.349643119874,0.349425215698285
"3",1997,24.6125116713352,13.5679015778207,31.7335024656396,2.24820931843915,11.2518066886195,100.675583254995,0.253406172580791
"4",1997,33.7640977443609,17.7319145453806,31.682533224079,1.97898355745547,11.476586783457,100.903253092932,0.736468815072604
"5",1997,42.8224101479915,16.4514246046089,31.9570328467336,0.494692478776966,11.054794515363,105.673475158566,0.520662876657321
"1",1998,4.2989417989418,5.259367994291,32.269686844828,0.688359477002122,10.7850457031204,108.066032367921,0.0246824138927818
"2",1998,16.022,7.589892063367,32.00295473896,1.43161324129161,11.4896234417666,101.349643119874,0.368685750954615
"3",1998,24.6125116713352,13.5679015778207,31.7335024656396,2.24820931843915,11.2518066886195,100.675583254995,0.264110475720163
"4",1998,33.7640977443609,17.7319145453806,31.682533224079,1.97898355745547,11.476586783457,100.903253092932,0.701891334147756
"5",1998,42.8224101479915,16.4514246046089,31.9570328467336,0.494692478776966,11.054794515363,105.673475158566,0.498952188503004
"1",1999,4.2989417989418,5.259367994291,32.269686844828,0.688359477002122,10.7850457031204,108.066032367921,0.0264660564267824
"2",1999,16.022,7.589892063367,32.00295473896,1.43161324129161,11.4896234417666,101.349643119874,0.36925259703107
"3",1999,24.6125116713352,13.5679015778207,31.7335024656396,2.24820931843915,11.2518066886195,100.675583254995,0.272229521550009
"4",1999,33.7640977443609,17.7319145453806,31.682533224079,1.97898355745547,11.476586783457,100.903253092932,0.669164229949993
"5",1999,42.8224101479915,16.4514246046089,31.9570328467336,0.494692478776966,11.054794515363,105.673475158566,0.432061907768224
"1",2000,4.2989417989418,5.259367994291,32.269686844828,0.688359477002122,10.7850457031204,108.066032367921,0.0267450373039872
"2",2000,16.022,7.589892063367,32.00295473896,1.43161324129161,11.4896234417666,101.349643119874,0.357086596749071
"3",2000,24.6125116713352,13.5679015778207,31.7335024656396,2.24820931843915,11.2518066886195,100.675583254995,0.280489014568463
"4",2000,33.7640977443609,17.7319145453806,31.682533224079,1.97898355745547,11.476586783457,100.903253092932,0.682086511349144
"5",2000,42.8224101479915,16.4514246046089,31.9570328467336,0.494692478776966,11.054794515363,105.673475158566,0.355094791815587
"1",2001,4.2989417989418,5.259367994291,32.269686844828,0.688359477002122,10.7850457031204,108.066032367921,0.0262626662622146
"2",2001,16.022,7.589892063367,32.00295473896,1.43161324129161,11.4896234417666,101.349643119874,0.340564328099414
"3",2001,24.6125116713352,13.5679015778207,31.7335024656396,2.24820931843915,11.2518066886195,100.675583254995,0.291566579543193
"4",2001,33.7640977443609,17.7319145453806,31.682533224079,1.97898355745547,11.476586783457,100.903253092932,0.757059742062986
"5",2001,42.8224101479915,16.4514246046089,31.9570328467336,0.494692478776966,11.054794515363,105.673475158566,0.298666358341955
"1",2002,4.2989417989418,5.259367994291,32.269686844828,0.688359477002122,10.7850457031204,108.066032367921,0.0256663220335198
"2",2002,16.022,7.589892063367,32.00295473896,1.43161324129161,11.4896234417666,101.349643119874,0.327176175721755
"3",2002,24.6125116713352,13.5679015778207,31.7335024656396,2.24820931843915,11.2518066886195,100.675583254995,0.307024914952837
"4",2002,33.7640977443609,17.7319145453806,31.682533224079,1.97898355745547,11.476586783457,100.903253092932,0.879178984681354
"5",2002,42.8224101479915,16.4514246046089,31.9570328467336,0.494692478776966,11.054794515363,105.673475158566,0.274573481280386
"1",2003,4.2989417989418,5.259367994291,32.269686844828,0.688359477002122,10.7850457031204,108.066032367921,0.0251067301384744
"2",2003,16.022,7.589892063367,32.00295473896,1.43161324129161,11.4896234417666,101.349643119874,0.322097599151203
"3",2003,24.6125116713352,13.5679015778207,31.7335024656396,2.24820931843915,11.2518066886195,100.675583254995,0.325987203187255
"4",2003,33.7640977443609,17.7319145453806,31.682533224079,1.97898355745547,11.476586783457,100.903253092932,0.989873745346007
"5",2003,42.8224101479915,16.4514246046089,31.9570328467336,0.494692478776966,11.054794515363,105.673475158566,0.282167459578947
"1",2004,4.2989417989418,5.259367994291,32.269686844828,0.688359477002122,10.7850457031204,108.066032367921,0.0243374907408816
"2",2004,16.022,7.589892063367,32.00295473896,1.43161324129161,11.4896234417666,101.349643119874,0.328034325505841
"3",2004,24.6125116713352,13.5679015778207,31.7335024656396,2.24820931843915,11.2518066886195,100.675583254995,0.344003198583235
"4",2004,33.7640977443609,17.7319145453806,31.682533224079,1.97898355745547,11.476586783457,100.903253092932,1.00703968358567
"5",2004,42.8224101479915,16.4514246046089,31.9570328467336,0.494692478776966,11.054794515363,105.673475158566,0.313866977861571
"1",2005,4.2989417989418,5.259367994291,32.269686844828,0.688359477002122,10.7850457031204,108.066032367921,0.0231310061365249
"2",2005,16.022,7.589892063367,32.00295473896,1.43161324129161,11.4896234417666,101.349643119874,0.345067444863629
"3",2005,24.6125116713352,13.5679015778207,31.7335024656396,2.24820931843915,11.2518066886195,100.675583254995,0.353413736870982
"4",2005,33.7640977443609,17.7319145453806,31.682533224079,1.97898355745547,11.476586783457,100.903253092932,0.902403962285642
"5",2005,42.8224101479915,16.4514246046089,31.9570328467336,0.494692478776966,11.054794515363,105.673475158566,0.353309616092169
"1",2006,4.2989417989418,5.259367994291,32.269686844828,0.688359477002122,10.7850457031204,108.066032367921,0.0216850257735496
"2",2006,16.022,7.589892063367,32.00295473896,1.43161324129161,11.4896234417666,101.349643119874,0.369784336875803
"3",2006,24.6125116713352,13.5679015778207,31.7335024656396,2.24820931843915,11.2518066886195,100.675583254995,0.346769465791329
"4",2006,33.7640977443609,17.7319145453806,31.682533224079,1.97898355745547,11.476586783457,100.903253092932,0.736933590946377
"5",2006,42.8224101479915,16.4514246046089,31.9570328467336,0.494692478776966,11.054794515363,105.673475158566,0.377927319419021
"1",2007,4.2989417989418,5.259367994291,32.269686844828,0.688359477002122,10.7850457031204,108.066032367921,0.0206520711752982
"2",2007,16.022,7.589892063367,32.00295473896,1.43161324129161,11.4896234417666,101.349643119874,0.394334979575611
"3",2007,24.6125116713352,13.5679015778207,31.7335024656396,2.24820931843915,11.2518066886195,100.675583254995,0.322240232871006
"4",2007,33.7640977443609,17.7319145453806,31.682533224079,1.97898355745547,11.476586783457,100.903253092932,0.591666217489994
"5",2007,42.8224101479915,16.4514246046089,31.9570328467336,0.494692478776966,11.054794515363,105.673475158566,0.37517187613697
"1",2008,4.2989417989418,5.259367994291,32.269686844828,0.688359477002122,10.7850457031204,108.066032367921,0.0208410359906574
"2",2008,16.022,7.589892063367,32.00295473896,1.43161324129161,11.4896234417666,101.349643119874,0.407716534528495
"3",2008,24.6125116713352,13.5679015778207,31.7335024656396,2.24820931843915,11.2518066886195,100.675583254995,0.286074509694941
"4",2008,33.7640977443609,17.7319145453806,31.682533224079,1.97898355745547,11.476586783457,100.903253092932,0.504801697916266
"5",2008,42.8224101479915,16.4514246046089,31.9570328467336,0.494692478776966,11.054794515363,105.673475158566,0.353969814039957
"1",2009,4.2989417989418,5.259367994291,32.269686844828,0.688359477002122,10.7850457031204,108.066032367921,0.0229906818251434
"2",2009,16.022,7.589892063367,32.00295473896,1.43161324129161,11.4896234417666,101.349643119874,0.401126622713341
"3",2009,24.6125116713352,13.5679015778207,31.7335024656396,2.24820931843915,11.2518066886195,100.675583254995,0.24891490568468
"4",2009,33.7640977443609,17.7319145453806,31.682533224079,1.97898355745547,11.476586783457,100.903253092932,0.476200019967478
"5",2009,42.8224101479915,16.4514246046089,31.9570328467336,0.494692478776966,11.054794515363,105.673475158566,0.333000589034629
"1",2010,4.2989417989418,5.259367994291,32.269686844828,0.688359477002122,10.7850457031204,108.066032367921,0.0276557750842891
"2",2010,16.022,7.589892063367,32.00295473896,1.43161324129161,11.4896234417666,101.349643119874,0.374360521461341
"3",2010,24.6125116713352,13.5679015778207,31.7335024656396,2.24820931843915,11.2518066886195,100.675583254995,0.219754466034015
"4",2010,33.7640977443609,17.7319145453806,31.682533224079,1.97898355745547,11.476586783457,100.903253092932,0.488360772582038
"5",2010,42.8224101479915,16.4514246046089,31.9570328467336,0.494692478776966,11.054794515363,105.673475158566,0.323081415698376
"1",2011,4.2989417989418,5.259367994291,32.269686844828,0.688359477002122,10.7850457031204,108.066032367921,0.034779229449676
"2",2011,16.022,7.589892063367,32.00295473896,1.43161324129161,11.4896234417666,101.349643119874,0.336493824584297
"3",2011,24.6125116713352,13.5679015778207,31.7335024656396,2.24820931843915,11.2518066886195,100.675583254995,0.20302122026382
"4",2011,33.7640977443609,17.7319145453806,31.682533224079,1.97898355745547,11.476586783457,100.903253092932,0.512207630654614
"5",2011,42.8224101479915,16.4514246046089,31.9570328467336,0.494692478776966,11.054794515363,105.673475158566,0.321080153858943
"1",2012,4.2989417989418,5.259367994291,32.269686844828,0.688359477002122,10.7850457031204,108.066032367921,0.0428516465920787
"2",2012,16.022,7.589892063367,32.00295473896,1.43161324129161,11.4896234417666,101.349643119874,0.299660427402124
"3",2012,24.6125116713352,13.5679015778207,31.7335024656396,2.24820931843915,11.2518066886195,100.675583254995,0.199145745851502
"4",2012,33.7640977443609,17.7319145453806,31.682533224079,1.97898355745547,11.476586783457,100.903253092932,0.512517828541382
"5",2012,42.8224101479915,16.4514246046089,31.9570328467336,0.494692478776966,11.054794515363,105.673475158566,0.313291459905895
"1",2013,4.2989417989418,5.259367994291,32.269686844828,0.688359477002122,10.7850457031204,108.066032367921,0.0489307912140691
"2",2013,16.022,7.589892063367,32.00295473896,1.43161324129161,11.4896234417666,101.349643119874,0.272567553912112
"3",2013,24.6125116713352,13.5679015778207,31.7335024656396,2.24820931843915,11.2518066886195,100.675583254995,0.20565558167739
"4",2013,33.7640977443609,17.7319145453806,31.682533224079,1.97898355745547,11.476586783457,100.903253092932,0.470675562805641
"5",2013,42.8224101479915,16.4514246046089,31.9570328467336,0.494692478776966,11.054794515363,105.673475158566,0.28710907505534
"1",2014,4.2989417989418,5.259367994291,32.269686844828,0.688359477002122,10.7850457031204,108.066032367921,0.0508933751136497
"2",2014,16.022,7.589892063367,32.00295473896,1.43161324129161,11.4896234417666,101.349643119874,0.258639953093986
"3",2014,24.6125116713352,13.5679015778207,31.7335024656396,2.24820931843915,11.2518066886195,100.675583254995,0.217196129652008
"4",2014,33.7640977443609,17.7319145453806,31.682533224079,1.97898355745547,11.476586783457,100.903253092932,0.402236223971138
"5",2014,42.8224101479915,16.4514246046089,31.9570328467336,0.494692478776966,11.054794515363,105.673475158566,0.245250681752472
"1",2015,4.2989417989418,5.259367994291,32.269686844828,0.688359477002122,10.7850457031204,108.066032367921,0.0496518959019111
"2",2015,16.022,7.589892063367,32.00295473896,1.43161324129161,11.4896234417666,101.349643119874,0.257428802635521
"3",2015,24.6125116713352,13.5679015778207,31.7335024656396,2.24820931843915,11.2518066886195,100.675583254995,0.225735274068761
"4",2015,33.7640977443609,17.7319145453806,31.682533224079,1.97898355745547,11.476586783457,100.903253092932,0.339371995362649
"5",2015,42.8224101479915,16.4514246046089,31.9570328467336,0.494692478776966,11.054794515363,105.673475158566,0.204205605667663
"1",2016,4.2989417989418,5.259367994291,32.269686844828,0.688359477002122,10.7850457031204,108.066032367921,0.0481313728288075
"2",2016,16.022,7.589892063367,32.00295473896,1.43161324129161,11.4896234417666,101.349643119874,0.266382819922514
"3",2016,24.6125116713352,13.5679015778207,31.7335024656396,2.24820931843915,11.2518066886195,100.675583254995,0.223446564073532
"4",2016,33.7640977443609,17.7319145453806,31.682533224079,1.97898355745547,11.476586783457,100.903253092932,0.304015442259916
"5",2016,42.8224101479915,16.4514246046089,31.9570328467336,0.494692478776966,11.054794515363,105.673475158566,0.178814911039092
"1",2017,4.2989417989418,5.259367994291,32.269686844828,0.688359477002122,10.7850457031204,108.066032367921,0.0488156970014778
"2",2017,16.022,7.589892063367,32.00295473896,1.43161324129161,11.4896234417666,101.349643119874,0.282107484867504
"3",2017,24.6125116713352,13.5679015778207,31.7335024656396,2.24820931843915,11.2518066886195,100.675583254995,0.207713355637064
"4",2017,33.7640977443609,17.7319145453806,31.682533224079,1.97898355745547,11.476586783457,100.903253092932,0.303196582164147
"5",2017,42.8224101479915,16.4514246046089,31.9570328467336,0.494692478776966,11.054794515363,105.673475158566,0.175100084830526
"1",2018,4.2989417989418,5.259367994291,32.269686844828,0.688359477002122,10.7850457031204,108.066032367921,0.0526693717925024
"2",2018,16.022,7.589892063367,32.00295473896,1.43161324129161,11.4896234417666,101.349643119874,0.30152073460104
"3",2018,24.6125116713352,13.5679015778207,31.7335024656396,2.24820931843915,11.2518066886195,100.675583254995,0.183004946409166
"4",2018,33.7640977443609,17.7319145453806,31.682533224079,1.97898355745547,11.476586783457,100.903253092932,0.33587752804227
"5",2018,42.8224101479915,16.4514246046089,31.9570328467336,0.494692478776966,11.054794515363,105.673475158566,0.193178201080114
"1",2019,4.2989417989418,5.259367994291,32.269686844828,0.688359477002122,10.7850457031204,108.066032367921,0.0591228647562489
"2",2019,16.022,7.589892063367,32.00295473896,1.43161324129161,11.4896234417666,101.349643119874,0.322857480156225
"3",2019,24.6125116713352,13.5679015778207,31.7335024656396,2.24820931843915,11.2518066886195,100.675583254995,0.156761010222637
"4",2019,33.7640977443609,17.7319145453806,31.682533224079,1.97898355745547,11.476586783457,100.903253092932,0.394808156499219
"5",2019,42.8224101479915,16.4514246046089,31.9570328467336,0.494692478776966,11.054794515363,105.673475158566,0.22867944663769
